0000	Cc
0001	Cc
0002	Cc
0003	Cc
0004	Cc
0005	Cc
0006	Cc
0007	Cc
0008	Cc
000B	Cc
000C	Cc
000D	Cc
000E	Cc
000F	Cc
0010	Cc
0011	Cc
0012	Cc
0013	Cc
0014	Cc
0015	Cc
0016	Cc
0017	Cc
0018	Cc
0019	Cc
001A	Cc
001B	Cc
001C	Cc
001D	Cc
001E	Cc
001F	Cc
007F	Cc
0080	Cc
0081	Cc
0082	Cc
0083	Cc
0084	Cc
0085	Cc
0086	Cc
0087	Cc
0088	Cc
0089	Cc
008A	Cc
008B	Cc
008C	Cc
008D	Cc
008E	Cc
008F	Cc
0090	Cc
0091	Cc
0092	Cc
0093	Cc
0094	Cc
0095	Cc
0096	Cc
0097	Cc
0098	Cc
0099	Cc
009A	Cc
009B	Cc
009C	Cc
009D	Cc
009E	Cc
009F	Cc
0300	Mn
0301	Mn
0302	Mn
0303	Mn
0304	Mn
0305	Mn
0306	Mn
0307	Mn
0308	Mn
0309	Mn
030A	Mn
030B	Mn
030C	Mn
030D	Mn
030E	Mn
030F	Mn
0310	Mn
0311	Mn
0312	Mn
0313	Mn
0314	Mn
0315	Mn
0316	Mn
0317	Mn
0318	Mn
0319	Mn
031A	Mn
031B	Mn
031C	Mn
031D	Mn
031E	Mn
031F	Mn
0320	Mn
0321	Mn
0322	Mn
0323	Mn
0324	Mn
0325	Mn
0326	Mn
0327	Mn
0328	Mn
0329	Mn
032A	Mn
032B	Mn
032C	Mn
032D	Mn
032E	Mn
032F	Mn
0330	Mn
0331	Mn
0332	Mn
0333	Mn
0334	Mn
0335	Mn
0336	Mn
0337	Mn
0338	Mn
0339	Mn
033A	Mn
033B	Mn
033C	Mn
033D	Mn
033E	Mn
033F	Mn
0340	Mn
0341	Mn
0342	Mn
0343	Mn
0344	Mn
0345	Mn
0346	Mn
0347	Mn
0348	Mn
0349	Mn
034A	Mn
034B	Mn
034C	Mn
034D	Mn
034E	Mn
0350	Mn
0351	Mn
0352	Mn
0353	Mn
0354	Mn
0355	Mn
0356	Mn
0357	Mn
0358	Mn
0359	Mn
035A	Mn
035B	Mn
035C	Mn
035D	Mn
035E	Mn
035F	Mn
0360	Mn
0361	Mn
0362	Mn
0363	Mn
0364	Mn
0365	Mn
0366	Mn
0367	Mn
0368	Mn
0369	Mn
036A	Mn
036B	Mn
036C	Mn
036D	Mn
036E	Mn
036F	Mn
0483	Mn
0484	Mn
0485	Mn
0486	Mn
0487	Mn
0591	Mn
0592	Mn
0593	Mn
0594	Mn
0595	Mn
0596	Mn
0597	Mn
0598	Mn
0599	Mn
059A	Mn
059B	Mn
059C	Mn
059D	Mn
059E	Mn
059F	Mn
05A0	Mn
05A1	Mn
05A2	Mn
05A3	Mn
05A4	Mn
05A5	Mn
05A6	Mn
05A7	Mn
05A8	Mn
05A9	Mn
05AA	Mn
05AB	Mn
05AC	Mn
05AD	Mn
05AE	Mn
05AF	Mn
05B0	Mn
05B1	Mn
05B2	Mn
05B3	Mn
05B4	Mn
05B5	Mn
05B6	Mn
05B7	Mn
05B8	Mn
05B9	Mn
05BA	Mn
05BB	Mn
05BC	Mn
05BD	Mn
05BF	Mn
05C1	Mn
05C2	Mn
05C4	Mn
05C5	Mn
05C7	Mn
0600	Cf
0601	Cf
0602	Cf
0603	Cf
0604	Cf
0605	Cf
0610	Mn
0611	Mn
0612	Mn
0613	Mn
0614	Mn
0615	Mn
0616	Mn
0617	Mn
0618	Mn
0619	Mn
061A	Mn
064B	Mn
064C	Mn
064D	Mn
064E	Mn
064F	Mn
0650	Mn
0651	Mn
0652	Mn
0653	Mn
0654	Mn
0655	Mn
0656	Mn
0657	Mn
0658	Mn
0659	Mn
065A	Mn
065B	Mn
065C	Mn
065D	Mn
065E	Mn
065F	Mn
0670	Mn
06D6	Mn
06D7	Mn
06D8	Mn
06D9	Mn
06DA	Mn
06DB	Mn
06DC	Mn
06DD	Cf
06DF	Mn
06E0	Mn
06E1	Mn
06E2	Mn
06E3	Mn
06E4	Mn
06E7	Mn
06E8	Mn
06EA	Mn
06EB	Mn
06EC	Mn
06ED	Mn
070F	Cf
0711	Mn
0730	Mn
0731	Mn
0732	Mn
0733	Mn
0734	Mn
0735	Mn
0736	Mn
0737	Mn
0738	Mn
0739	Mn
073A	Mn
073B	Mn
073C	Mn
073D	Mn
073E	Mn
073F	Mn
0740	Mn
0741	Mn
0742	Mn
0743	Mn
0744	Mn
0745	Mn
0746	Mn
0747	Mn
0748	Mn
0749	Mn
074A	Mn
07A6	Mn
07A7	Mn
07A8	Mn
07A9	Mn
07AA	Mn
07AB	Mn
07AC	Mn
07AD	Mn
07AE	Mn
07AF	Mn
07B0	Mn
07EB	Mn
07EC	Mn
07ED	Mn
07EE	Mn
07EF	Mn
07F0	Mn
07F1	Mn
07F2	Mn
07F3	Mn
07FD	Mn
0816	Mn
0817	Mn
0818	Mn
0819	Mn
081B	Mn
081C	Mn
081D	Mn
081E	Mn
081F	Mn
0820	Mn
0821	Mn
0822	Mn
0823	Mn
0825	Mn
0826	Mn
0827	Mn
0829	Mn
082A	Mn
082B	Mn
082C	Mn
082D	Mn
0859	Mn
085A	Mn
085B	Mn
0890	Cf
0891	Cf
0897	Cn
0898	Mn
0899	Mn
089A	Mn
089B	Mn
089C	Mn
089D	Mn
089E	Mn
089F	Mn
08CA	Mn
08CB	Mn
08CC	Mn
08CD	Mn
08CE	Mn
08CF	Mn
08D0	Mn
08D1	Mn
08D2	Mn
08D3	Mn
08D4	Mn
08D5	Mn
08D6	Mn
08D7	Mn
08D8	Mn
08D9	Mn
08DA	Mn
08DB	Mn
08DC	Mn
08DD	Mn
08DE	Mn
08DF	Mn
08E0	Mn
08E1	Mn
08E2	Cf
08E3	Mn
08E4	Mn
08E5	Mn
08E6	Mn
08E7	Mn
08E8	Mn
08E9	Mn
08EA	Mn
08EB	Mn
08EC	Mn
08ED	Mn
08EE	Mn
08EF	Mn
08F0	Mn
08F1	Mn
08F2	Mn
08F3	Mn
08F4	Mn
08F5	Mn
08F6	Mn
08F7	Mn
08F8	Mn
08F9	Mn
08FA	Mn
08FB	Mn
08FC	Mn
08FD	Mn
08FE	Mn
08FF	Mn
0900	Mn
0901	Mn
0902	Mn
093A	Mn
093C	Mn
0941	Mn
0942	Mn
0943	Mn
0944	Mn
0945	Mn
0946	Mn
0947	Mn
0948	Mn
094D	Mn
0951	Mn
0952	Mn
0953	Mn
0954	Mn
0955	Mn
0956	Mn
0957	Mn
0962	Mn
0963	Mn
0981	Mn
09BC	Mn
09C1	Mn
09C2	Mn
09C3	Mn
09C4	Mn
09CD	Mn
09E2	Mn
09E3	Mn
09FE	Mn
0A01	Mn
0A02	Mn
0A3C	Mn
0A41	Mn
0A42	Mn
0A47	Mn
0A48	Mn
0A4B	Mn
0A4C	Mn
0A4D	Mn
0A51	Mn
0A70	Mn
0A71	Mn
0A75	Mn
0A81	Mn
0A82	Mn
0ABC	Mn
0AC1	Mn
0AC2	Mn
0AC3	Mn
0AC4	Mn
0AC5	Mn
0AC7	Mn
0AC8	Mn
0ACD	Mn
0AE2	Mn
0AE3	Mn
0AFA	Mn
0AFB	Mn
0AFC	Mn
0AFD	Mn
0AFE	Mn
0AFF	Mn
0B01	Mn
0B3C	Mn
0B3F	Mn
0B41	Mn
0B42	Mn
0B43	Mn
0B44	Mn
0B4D	Mn
0B55	Mn
0B56	Mn
0B62	Mn
0B63	Mn
0B82	Mn
0BC0	Mn
0BCD	Mn
0C00	Mn
0C04	Mn
0C3C	Mn
0C3E	Mn
0C3F	Mn
0C40	Mn
0C46	Mn
0C47	Mn
0C48	Mn
0C4A	Mn
0C4B	Mn
0C4C	Mn
0C4D	Mn
0C55	Mn
0C56	Mn
0C62	Mn
0C63	Mn
0C81	Mn
0CBC	Mn
0CBF	Mn
0CC6	Mn
0CCC	Mn
0CCD	Mn
0CE2	Mn
0CE3	Mn
0D00	Mn
0D01	Mn
0D3B	Mn
0D3C	Mn
0D41	Mn
0D42	Mn
0D43	Mn
0D44	Mn
0D4D	Mn
0D62	Mn
0D63	Mn
0D81	Mn
0DCA	Mn
0DD2	Mn
0DD3	Mn
0DD4	Mn
0DD6	Mn
0E31	Mn
0E34	Mn
0E35	Mn
0E36	Mn
0E37	Mn
0E38	Mn
0E39	Mn
0E3A	Mn
0E47	Mn
0E48	Mn
0E49	Mn
0E4A	Mn
0E4B	Mn
0E4C	Mn
0E4D	Mn
0E4E	Mn
0EB1	Mn
0EB4	Mn
0EB5	Mn
0EB6	Mn
0EB7	Mn
0EB8	Mn
0EB9	Mn
0EBA	Mn
0EBB	Mn
0EBC	Mn
0EC8	Mn
0EC9	Mn
0ECA	Mn
0ECB	Mn
0ECC	Mn
0ECD	Mn
0ECE	Cn
0F18	Mn
0F19	Mn
0F35	Mn
0F37	Mn
0F39	Mn
0F71	Mn
0F72	Mn
0F73	Mn
0F74	Mn
0F75	Mn
0F76	Mn
0F77	Mn
0F78	Mn
0F79	Mn
0F7A	Mn
0F7B	Mn
0F7C	Mn
0F7D	Mn
0F7E	Mn
0F80	Mn
0F81	Mn
0F82	Mn
0F83	Mn
0F84	Mn
0F86	Mn
0F87	Mn
0F8D	Mn
0F8E	Mn
0F8F	Mn
0F90	Mn
0F91	Mn
0F92	Mn
0F93	Mn
0F94	Mn
0F95	Mn
0F96	Mn
0F97	Mn
0F99	Mn
0F9A	Mn
0F9B	Mn
0F9C	Mn
0F9D	Mn
0F9E	Mn
0F9F	Mn
0FA0	Mn
0FA1	Mn
0FA2	Mn
0FA3	Mn
0FA4	Mn
0FA5	Mn
0FA6	Mn
0FA7	Mn
0FA8	Mn
0FA9	Mn
0FAA	Mn
0FAB	Mn
0FAC	Mn
0FAD	Mn
0FAE	Mn
0FAF	Mn
0FB0	Mn
0FB1	Mn
0FB2	Mn
0FB3	Mn
0FB4	Mn
0FB5	Mn
0FB6	Mn
0FB7	Mn
0FB8	Mn
0FB9	Mn
0FBA	Mn
0FBB	Mn
0FBC	Mn
0FC6	Mn
102D	Mn
102E	Mn
102F	Mn
1030	Mn
1032	Mn
1033	Mn
1034	Mn
1035	Mn
1036	Mn
1037	Mn
1039	Mn
103A	Mn
103D	Mn
103E	Mn
1058	Mn
1059	Mn
105E	Mn
105F	Mn
1060	Mn
1071	Mn
1072	Mn
1073	Mn
1074	Mn
1082	Mn
1085	Mn
1086	Mn
108D	Mn
109D	Mn
135D	Mn
135E	Mn
135F	Mn
1680	Zs
1712	Mn
1713	Mn
1714	Mn
1732	Mn
1733	Mn
1752	Mn
1753	Mn
1772	Mn
1773	Mn
17B7	Mn
17B8	Mn
17B9	Mn
17BA	Mn
17BB	Mn
17BC	Mn
17BD	Mn
17C6	Mn
17C9	Mn
17CA	Mn
17CB	Mn
17CC	Mn
17CD	Mn
17CE	Mn
17CF	Mn
17D0	Mn
17D1	Mn
17D2	Mn
17D3	Mn
17DD	Mn
1885	Mn
1886	Mn
18A9	Mn
1920	Mn
1921	Mn
1922	Mn
1927	Mn
1928	Mn
1932	Mn
1939	Mn
193A	Mn
193B	Mn
1A17	Mn
1A18	Mn
1A1B	Mn
1A56	Mn
1A58	Mn
1A59	Mn
1A5A	Mn
1A5B	Mn
1A5C	Mn
1A5D	Mn
1A5E	Mn
1A60	Mn
1A62	Mn
1A65	Mn
1A66	Mn
1A67	Mn
1A68	Mn
1A69	Mn
1A6A	Mn
1A6B	Mn
1A6C	Mn
1A73	Mn
1A74	Mn
1A75	Mn
1A76	Mn
1A77	Mn
1A78	Mn
1A79	Mn
1A7A	Mn
1A7B	Mn
1A7C	Mn
1A7F	Mn
1AB0	Mn
1AB1	Mn
1AB2	Mn
1AB3	Mn
1AB4	Mn
1AB5	Mn
1AB6	Mn
1AB7	Mn
1AB8	Mn
1AB9	Mn
1ABA	Mn
1ABB	Mn
1ABC	Mn
1ABD	Mn
1ABF	Mn
1AC0	Mn
1AC1	Mn
1AC2	Mn
1AC3	Mn
1AC4	Mn
1AC5	Mn
1AC6	Mn
1AC7	Mn
1AC8	Mn
1AC9	Mn
1ACA	Mn
1ACB	Mn
1ACC	Mn
1ACD	Mn
1ACE	Mn
1ACF	Cn
1AD0	Cn
1AD1	Cn
1AD2	Cn
1AD3	Cn
1AD4	Cn
1AD5	Cn
1AD6	Cn
1AD7	Cn
1AD8	Cn
1AD9	Cn
1ADA	Cn
1ADB	Cn
1ADC	Cn
1ADD	Cn
1AE0	Cn
1AE1	Cn
1AE2	Cn
1AE3	Cn
1AE4	Cn
1AE5	Cn
1AE6	Cn
1AE7	Cn
1AE8	Cn
1AE9	Cn
1AEA	Cn
1AEB	Cn
1B00	Mn
1B01	Mn
1B02	Mn
1B03	Mn
1B34	Mn
1B36	Mn
1B37	Mn
1B38	Mn
1B39	Mn
1B3A	Mn
1B3C	Mn
1B42	Mn
1B6B	Mn
1B6C	Mn
1B6D	Mn
1B6E	Mn
1B6F	Mn
1B70	Mn
1B71	Mn
1B72	Mn
1B73	Mn
1B80	Mn
1B81	Mn
1BA2	Mn
1BA3	Mn
1BA4	Mn
1BA5	Mn
1BA8	Mn
1BA9	Mn
1BAB	Mn
1BAC	Mn
1BAD	Mn
1BE6	Mn
1BE8	Mn
1BE9	Mn
1BED	Mn
1BEF	Mn
1BF0	Mn
1BF1	Mn
1C2C	Mn
1C2D	Mn
1C2E	Mn
1C2F	Mn
1C30	Mn
1C31	Mn
1C32	Mn
1C33	Mn
1C36	Mn
1C37	Mn
1CD0	Mn
1CD1	Mn
1CD2	Mn
1CD4	Mn
1CD5	Mn
1CD6	Mn
1CD7	Mn
1CD8	Mn
1CD9	Mn
1CDA	Mn
1CDB	Mn
1CDC	Mn
1CDD	Mn
1CDE	Mn
1CDF	Mn
1CE0	Mn
1CE2	Mn
1CE3	Mn
1CE4	Mn
1CE5	Mn
1CE6	Mn
1CE7	Mn
1CE8	Mn
1CED	Mn
1CF4	Mn
1CF8	Mn
1CF9	Mn
1DC0	Mn
1DC1	Mn
1DC2	Mn
1DC3	Mn
1DC4	Mn
1DC5	Mn
1DC6	Mn
1DC7	Mn
1DC8	Mn
1DC9	Mn
1DCA	Mn
1DCB	Mn
1DCC	Mn
1DCD	Mn
1DCE	Mn
1DCF	Mn
1DD0	Mn
1DD1	Mn
1DD2	Mn
1DD3	Mn
1DD4	Mn
1DD5	Mn
1DD6	Mn
1DD7	Mn
1DD8	Mn
1DD9	Mn
1DDA	Mn
1DDB	Mn
1DDC	Mn
1DDD	Mn
1DDE	Mn
1DDF	Mn
1DE0	Mn
1DE1	Mn
1DE2	Mn
1DE3	Mn
1DE4	Mn
1DE5	Mn
1DE6	Mn
1DE7	Mn
1DE8	Mn
1DE9	Mn
1DEA	Mn
1DEB	Mn
1DEC	Mn
1DED	Mn
1DEE	Mn
1DEF	Mn
1DF0	Mn
1DF1	Mn
1DF2	Mn
1DF3	Mn
1DF4	Mn
1DF5	Mn
1DF6	Mn
1DF7	Mn
1DF8	Mn
1DF9	Mn
1DFA	Mn
1DFB	Mn
1DFC	Mn
1DFD	Mn
1DFE	Mn
1DFF	Mn
20D0	Mn
20D1	Mn
20D2	Mn
20D3	Mn
20D4	Mn
20D5	Mn
20D6	Mn
20D7	Mn
20D8	Mn
20D9	Mn
20DA	Mn
20DB	Mn
20DC	Mn
20E1	Mn
20E5	Mn
20E6	Mn
20E7	Mn
20E8	Mn
20E9	Mn
20EA	Mn
20EB	Mn
20EC	Mn
20ED	Mn
20EE	Mn
20EF	Mn
20F0	Mn
2CEF	Mn
2CF0	Mn
2CF1	Mn
2D7F	Mn
2DE0	Mn
2DE1	Mn
2DE2	Mn
2DE3	Mn
2DE4	Mn
2DE5	Mn
2DE6	Mn
2DE7	Mn
2DE8	Mn
2DE9	Mn
2DEA	Mn
2DEB	Mn
2DEC	Mn
2DED	Mn
2DEE	Mn
2DEF	Mn
2DF0	Mn
2DF1	Mn
2DF2	Mn
2DF3	Mn
2DF4	Mn
2DF5	Mn
2DF6	Mn
2DF7	Mn
2DF8	Mn
2DF9	Mn
2DFA	Mn
2DFB	Mn
2DFC	Mn
2DFD	Mn
2DFE	Mn
2DFF	Mn
302A	Mn
302B	Mn
302C	Mn
302D	Mn
3099	Mn
309A	Mn
A66F	Mn
A674	Mn
A675	Mn
A676	Mn
A677	Mn
A678	Mn
A679	Mn
A67A	Mn
A67B	Mn
A67C	Mn
A67D	Mn
A69E	Mn
A69F	Mn
A6F0	Mn
A6F1	Mn
A802	Mn
A806	Mn
A80B	Mn
A825	Mn
A826	Mn
A82C	Mn
A8C4	Mn
A8C5	Mn
A8E0	Mn
A8E1	Mn
A8E2	Mn
A8E3	Mn
A8E4	Mn
A8E5	Mn
A8E6	Mn
A8E7	Mn
A8E8	Mn
A8E9	Mn
A8EA	Mn
A8EB	Mn
A8EC	Mn
A8ED	Mn
A8EE	Mn
A8EF	Mn
A8F0	Mn
A8F1	Mn
A8FF	Mn
A926	Mn
A927	Mn
A928	Mn
A929	Mn
A92A	Mn
A92B	Mn
A92C	Mn
A92D	Mn
A947	Mn
A948	Mn
A949	Mn
A94A	Mn
A94B	Mn
A94C	Mn
A94D	Mn
A94E	Mn
A94F	Mn
A950	Mn
A951	Mn
A980	Mn
A981	Mn
A982	Mn
A9B3	Mn
A9B6	Mn
A9B7	Mn
A9B8	Mn
A9B9	Mn
A9BC	Mn
A9BD	Mn
A9E5	Mn
AA29	Mn
AA2A	Mn
AA2B	Mn
AA2C	Mn
AA2D	Mn
AA2E	Mn
AA31	Mn
AA32	Mn
AA35	Mn
AA36	Mn
AA43	Mn
AA4C	Mn
AA7C	Mn
AAB0	Mn
AAB2	Mn
AAB3	Mn
AAB4	Mn
AAB7	Mn
AAB8	Mn
AABE	Mn
AABF	Mn
AAC1	Mn
AAEC	Mn
AAED	Mn
AAF6	Mn
ABE5	Mn
ABE8	Mn
ABED	Mn
D800	Cs
DB7F	Cs
DB80	Cs
DBFF	Cs
DC00	Cs
DFFF	Cs
FB1E	Mn
FE00	Mn
FE01	Mn
FE02	Mn
FE03	Mn
FE04	Mn
FE05	Mn
FE06	Mn
FE07	Mn
FE08	Mn
FE09	Mn
FE0A	Mn
FE0B	Mn
FE0C	Mn
FE0D	Mn
FE0E	Mn
FE0F	Mn
FE20	Mn
FE21	Mn
FE22	Mn
FE23	Mn
FE24	Mn
FE25	Mn
FE26	Mn
FE27	Mn
FE28	Mn
FE29	Mn
FE2A	Mn
FE2B	Mn
FE2C	Mn
FE2D	Mn
FE2E	Mn
FE2F	Mn
FFF9	Cf
FFFA	Cf
FFFB	Cf
101FD	Mn
102E0	Mn
10376	Mn
10377	Mn
10378	Mn
10379	Mn
1037A	Mn
10A01	Mn
10A02	Mn
10A03	Mn
10A05	Mn
10A06	Mn
10A0C	Mn
10A0D	Mn
10A0E	Mn
10A0F	Mn
10A38	Mn
10A39	Mn
10A3A	Mn
10A3F	Mn
10AE5	Mn
10AE6	Mn
10D24	Mn
10D25	Mn
10D26	Mn
10D27	Mn
10D69	Cn
10D6A	Cn
10D6B	Cn
10D6C	Cn
10D6D	Cn
10EAB	Mn
10EAC	Mn
10EFA	Cn
10EFB	Cn
10EFC	Cn
10EFD	Cn
10EFE	Cn
10EFF	Cn
10F46	Mn
10F47	Mn
10F48	Mn
10F49	Mn
10F4A	Mn
10F4B	Mn
10F4C	Mn
10F4D	Mn
10F4E	Mn
10F4F	Mn
10F50	Mn
10F82	Mn
10F83	Mn
10F84	Mn
10F85	Mn
11001	Mn
11038	Mn
11039	Mn
1103A	Mn
1103B	Mn
1103C	Mn
1103D	Mn
1103E	Mn
1103F	Mn
11040	Mn
11041	Mn
11042	Mn
11043	Mn
11044	Mn
11045	Mn
11046	Mn
11070	Mn
11073	Mn
11074	Mn
1107F	Mn
11080	Mn
11081	Mn
110B3	Mn
110B4	Mn
110B5	Mn
110B6	Mn
110B9	Mn
110BA	Mn
110BD	Cf
110C2	Mn
110CD	Cf
11100	Mn
11101	Mn
11102	Mn
11127	Mn
11128	Mn
11129	Mn
1112A	Mn
1112B	Mn
1112D	Mn
1112E	Mn
1112F	Mn
11130	Mn
11131	Mn
11132	Mn
11133	Mn
11134	Mn
11173	Mn
11180	Mn
11181	Mn
111B6	Mn
111B7	Mn
111B8	Mn
111B9	Mn
111BA	Mn
111BB	Mn
111BC	Mn
111BD	Mn
111BE	Mn
111C9	Mn
111CA	Mn
111CB	Mn
111CC	Mn
111CF	Mn
1122F	Mn
11230	Mn
11231	Mn
11234	Mn
11236	Mn
11237	Mn
1123E	Mn
11241	Cn
112DF	Mn
112E3	Mn
112E4	Mn
112E5	Mn
112E6	Mn
112E7	Mn
112E8	Mn
112E9	Mn
112EA	Mn
11300	Mn
11301	Mn
1133B	Mn
1133C	Mn
11340	Mn
11366	Mn
11367	Mn
11368	Mn
11369	Mn
1136A	Mn
1136B	Mn
1136C	Mn
11370	Mn
11371	Mn
11372	Mn
11373	Mn
11374	Mn
113BB	Cn
113BC	Cn
113BD	Cn
113BE	Cn
113BF	Cn
113C0	Cn
113CE	Cn
113D0	Cn
113D2	Cn
113E1	Cn
113E2	Cn
11438	Mn
11439	Mn
1143A	Mn
1143B	Mn
1143C	Mn
1143D	Mn
1143E	Mn
1143F	Mn
11442	Mn
11443	Mn
11444	Mn
11446	Mn
1145E	Mn
114B3	Mn
114B4	Mn
114B5	Mn
114B6	Mn
114B7	Mn
114B8	Mn
114BA	Mn
114BF	Mn
114C0	Mn
114C2	Mn
114C3	Mn
115B2	Mn
115B3	Mn
115B4	Mn
115B5	Mn
115BC	Mn
115BD	Mn
115BF	Mn
115C0	Mn
115DC	Mn
115DD	Mn
11633	Mn
11634	Mn
11635	Mn
11636	Mn
11637	Mn
11638	Mn
11639	Mn
1163A	Mn
1163D	Mn
1163F	Mn
11640	Mn
116AB	Mn
116AD	Mn
116B0	Mn
116B1	Mn
116B2	Mn
116B3	Mn
116B4	Mn
116B5	Mn
116B7	Mn
1171D	Mn
1171F	Mn
11722	Mn
11723	Mn
11724	Mn
11725	Mn
11727	Mn
11728	Mn
11729	Mn
1172A	Mn
1172B	Mn
1182F	Mn
11830	Mn
11831	Mn
11832	Mn
11833	Mn
11834	Mn
11835	Mn
11836	Mn
11837	Mn
11839	Mn
1183A	Mn
1193B	Mn
1193C	Mn
1193E	Mn
11943	Mn
119D4	Mn
119D5	Mn
119D6	Mn
119D7	Mn
119DA	Mn
119DB	Mn
119E0	Mn
11A01	Mn
11A02	Mn
11A03	Mn
11A04	Mn
11A05	Mn
11A06	Mn
11A07	Mn
11A08	Mn
11A09	Mn
11A0A	Mn
11A33	Mn
11A34	Mn
11A35	Mn
11A36	Mn
11A37	Mn
11A38	Mn
11A3B	Mn
11A3C	Mn
11A3D	Mn
11A3E	Mn
11A47	Mn
11A51	Mn
11A52	Mn
11A53	Mn
11A54	Mn
11A55	Mn
11A56	Mn
11A59	Mn
11A5A	Mn
11A5B	Mn
11A8A	Mn
11A8B	Mn
11A8C	Mn
11A8D	Mn
11A8E	Mn
11A8F	Mn
11A90	Mn
11A91	Mn
11A92	Mn
11A93	Mn
11A94	Mn
11A95	Mn
11A96	Mn
11A98	Mn
11A99	Mn
11B60	Cn
11B62	Cn
11B63	Cn
11B64	Cn
11B66	Cn
11C30	Mn
11C31	Mn
11C32	Mn
11C33	Mn
11C34	Mn
11C35	Mn
11C36	Mn
11C38	Mn
11C39	Mn
11C3A	Mn
11C3B	Mn
11C3C	Mn
11C3D	Mn
11C3F	Mn
11C92	Mn
11C93	Mn
11C94	Mn
11C95	Mn
11C96	Mn
11C97	Mn
11C98	Mn
11C99	Mn
11C9A	Mn
11C9B	Mn
11C9C	Mn
11C9D	Mn
11C9E	Mn
11C9F	Mn
11CA0	Mn
11CA1	Mn
11CA2	Mn
11CA3	Mn
11CA4	Mn
11CA5	Mn
11CA6	Mn
11CA7	Mn
11CAA	Mn
11CAB	Mn
11CAC	Mn
11CAD	Mn
11CAE	Mn
11CAF	Mn
11CB0	Mn
11CB2	Mn
11CB3	Mn
11CB5	Mn
11CB6	Mn
11D31	Mn
11D32	Mn
11D33	Mn
11D34	Mn
11D35	Mn
11D36	Mn
11D3A	Mn
11D3C	Mn
11D3D	Mn
11D3F	Mn
11D40	Mn
11D41	Mn
11D42	Mn
11D43	Mn
11D44	Mn
11D45	Mn
11D47	Mn
11D90	Mn
11D91	Mn
11D95	Mn
11D97	Mn
11EF3	Mn
11EF4	Mn
11F00	Cn
11F01	Cn
11F36	Cn
11F37	Cn
11F38	Cn
11F39	Cn
11F3A	Cn
11F40	Cn
11F42	Cn
11F5A	Cn
13430	Cf
13431	Cf
13432	Cf
13433	Cf
13434	Cf
13435	Cf
13436	Cf
13437	Cf
13438	Cf
13439	Cn
1343A	Cn
1343B	Cn
1343C	Cn
1343D	Cn
1343E	Cn
1343F	Cn
13440	Cn
13447	Cn
13448	Cn
13449	Cn
1344A	Cn
1344B	Cn
1344C	Cn
1344D	Cn
1344E	Cn
1344F	Cn
13450	Cn
13451	Cn
13452	Cn
13453	Cn
13454	Cn
13455	Cn
1611E	Cn
1611F	Cn
16120	Cn
16121	Cn
16122	Cn
16123	Cn
16124	Cn
16125	Cn
16126	Cn
16127	Cn
16128	Cn
16129	Cn
1612D	Cn
1612E	Cn
1612F	Cn
16AF0	Mn
16AF1	Mn
16AF2	Mn
16AF3	Mn
16AF4	Mn
16B30	Mn
16B31	Mn
16B32	Mn
16B33	Mn
16B34	Mn
16B35	Mn
16B36	Mn
16F4F	Mn
16F8F	Mn
16F90	Mn
16F91	Mn
16F92	Mn
16FE4	Mn
1BC9D	Mn
1BC9E	Mn
1BCA0	Cf
1BCA1	Cf
1BCA2	Cf
1BCA3	Cf
1CF00	Mn
1CF01	Mn
1CF02	Mn
1CF03	Mn
1CF04	Mn
1CF05	Mn
1CF06	Mn
1CF07	Mn
1CF08	Mn
1CF09	Mn
1CF0A	Mn
1CF0B	Mn
1CF0C	Mn
1CF0D	Mn
1CF0E	Mn
1CF0F	Mn
1CF10	Mn
1CF11	Mn
1CF12	Mn
1CF13	Mn
1CF14	Mn
1CF15	Mn
1CF16	Mn
1CF17	Mn
1CF18	Mn
1CF19	Mn
1CF1A	Mn
1CF1B	Mn
1CF1C	Mn
1CF1D	Mn
1CF1E	Mn
1CF1F	Mn
1CF20	Mn
1CF21	Mn
1CF22	Mn
1CF23	Mn
1CF24	Mn
1CF25	Mn
1CF26	Mn
1CF27	Mn
1CF28	Mn
1CF29	Mn
1CF2A	Mn
1CF2B	Mn
1CF2C	Mn
1CF2D	Mn
1CF30	Mn
1CF31	Mn
1CF32	Mn
1CF33	Mn
1CF34	Mn
1CF35	Mn
1CF36	Mn
1CF37	Mn
1CF38	Mn
1CF39	Mn
1CF3A	Mn
1CF3B	Mn
1CF3C	Mn
1CF3D	Mn
1CF3E	Mn
1CF3F	Mn
1CF40	Mn
1CF41	Mn
1CF42	Mn
1CF43	Mn
1CF44	Mn
1CF45	Mn
1CF46	Mn
1D167	Mn
1D168	Mn
1D169	Mn
1D17B	Mn
1D17C	Mn
1D17D	Mn
1D17E	Mn
1D17F	Mn
1D180	Mn
1D181	Mn
1D182	Mn
1D185	Mn
1D186	Mn
1D187	Mn
1D188	Mn
1D189	Mn
1D18A	Mn
1D18B	Mn
1D1AA	Mn
1D1AB	Mn
1D1AC	Mn
1D1AD	Mn
1D242	Mn
1D243	Mn
1D244	Mn
1DA00	Mn
1DA01	Mn
1DA02	Mn
1DA03	Mn
1DA04	Mn
1DA05	Mn
1DA06	Mn
1DA07	Mn
1DA08	Mn
1DA09	Mn
1DA0A	Mn
1DA0B	Mn
1DA0C	Mn
1DA0D	Mn
1DA0E	Mn
1DA0F	Mn
1DA10	Mn
1DA11	Mn
1DA12	Mn
1DA13	Mn
1DA14	Mn
1DA15	Mn
1DA16	Mn
1DA17	Mn
1DA18	Mn
1DA19	Mn
1DA1A	Mn
1DA1B	Mn
1DA1C	Mn
1DA1D	Mn
1DA1E	Mn
1DA1F	Mn
1DA20	Mn
1DA21	Mn
1DA22	Mn
1DA23	Mn
1DA24	Mn
1DA25	Mn
1DA26	Mn
1DA27	Mn
1DA28	Mn
1DA29	Mn
1DA2A	Mn
1DA2B	Mn
1DA2C	Mn
1DA2D	Mn
1DA2E	Mn
1DA2F	Mn
1DA30	Mn
1DA31	Mn
1DA32	Mn
1DA33	Mn
1DA34	Mn
1DA35	Mn
1DA36	Mn
1DA3B	Mn
1DA3C	Mn
1DA3D	Mn
1DA3E	Mn
1DA3F	Mn
1DA40	Mn
1DA41	Mn
1DA42	Mn
1DA43	Mn
1DA44	Mn
1DA45	Mn
1DA46	Mn
1DA47	Mn
1DA48	Mn
1DA49	Mn
1DA4A	Mn
1DA4B	Mn
1DA4C	Mn
1DA4D	Mn
1DA4E	Mn
1DA4F	Mn
1DA50	Mn
1DA51	Mn
1DA52	Mn
1DA53	Mn
1DA54	Mn
1DA55	Mn
1DA56	Mn
1DA57	Mn
1DA58	Mn
1DA59	Mn
1DA5A	Mn
1DA5B	Mn
1DA5C	Mn
1DA5D	Mn
1DA5E	Mn
1DA5F	Mn
1DA60	Mn
1DA61	Mn
1DA62	Mn
1DA63	Mn
1DA64	Mn
1DA65	Mn
1DA66	Mn
1DA67	Mn
1DA68	Mn
1DA69	Mn
1DA6A	Mn
1DA6B	Mn
1DA6C	Mn
1DA75	Mn
1DA84	Mn
1DA9B	Mn
1DA9C	Mn
1DA9D	Mn
1DA9E	Mn
1DA9F	Mn
1DAA1	Mn
1DAA2	Mn
1DAA3	Mn
1DAA4	Mn
1DAA5	Mn
1DAA6	Mn
1DAA7	Mn
1DAA8	Mn
1DAA9	Mn
1DAAA	Mn
1DAAB	Mn
1DAAC	Mn
1DAAD	Mn
1DAAE	Mn
1DAAF	Mn
1E000	Mn
1E001	Mn
1E002	Mn
1E003	Mn
1E004	Mn
1E005	Mn
1E006	Mn
1E008	Mn
1E009	Mn
1E00A	Mn
1E00B	Mn
1E00C	Mn
1E00D	Mn
1E00E	Mn
1E00F	Mn
1E010	Mn
1E011	Mn
1E012	Mn
1E013	Mn
1E014	Mn
1E015	Mn
1E016	Mn
1E017	Mn
1E018	Mn
1E01B	Mn
1E01C	Mn
1E01D	Mn
1E01E	Mn
1E01F	Mn
1E020	Mn
1E021	Mn
1E023	Mn
1E024	Mn
1E026	Mn
1E027	Mn
1E028	Mn
1E029	Mn
1E02A	Mn
1E08F	Cn
1E130	Mn
1E131	Mn
1E132	Mn
1E133	Mn
1E134	Mn
1E135	Mn
1E136	Mn
1E2AE	Mn
1E2EC	Mn
1E2ED	Mn
1E2EE	Mn
1E2EF	Mn
1E4EC	Cn
1E4ED	Cn
1E4EE	Cn
1E4EF	Cn
1E5EE	Cn
1E5EF	Cn
1E6E3	Cn
1E6E6	Cn
1E6EE	Cn
1E6EF	Cn
1E6F5	Cn
1E8D0	Mn
1E8D1	Mn
1E8D2	Mn
1E8D3	Mn
1E8D4	Mn
1E8D5	Mn
1E8D6	Mn
1E944	Mn
1E945	Mn
1E946	Mn
1E947	Mn
1E948	Mn
1E949	Mn
1E94A	Mn
E0001	Cf
E0020	Cf
E0021	Cf
E0022	Cf
E0023	Cf
E0024	Cf
E0025	Cf
E0026	Cf
E0027	Cf
E0028	Cf
E0029	Cf
E002A	Cf
E002B	Cf
E002C	Cf
E002D	Cf
E002E	Cf
E002F	Cf
E0030	Cf
E0031	Cf
E0032	Cf
E0033	Cf
E0034	Cf
E0035	Cf
E0036	Cf
E0037	Cf
E0038	Cf
E0039	Cf
E003A	Cf
E003B	Cf
E003C	Cf
E003D	Cf
E003E	Cf
E003F	Cf
E0040	Cf
E0041	Cf
E0042	Cf
E0043	Cf
E0044	Cf
E0045	Cf
E0046	Cf
E0047	Cf
E0048	Cf
E0049	Cf
E004A	Cf
E004B	Cf
E004C	Cf
E004D	Cf
E004E	Cf
E004F	Cf
E0050	Cf
E0051	Cf
E0052	Cf
E0053	Cf
E0054	Cf
E0055	Cf
E0056	Cf
E0057	Cf
E0058	Cf
E0059	Cf
E005A	Cf
E005B	Cf
E005C	Cf
E005D	Cf
E005E	Cf
E005F	Cf
E0060	Cf
E0061	Cf
E0062	Cf
E0063	Cf
E0064	Cf
E0065	Cf
E0066	Cf
E0067	Cf
E0068	Cf
E0069	Cf
E006A	Cf
E006B	Cf
E006C	Cf
E006D	Cf
E006E	Cf
E006F	Cf
E0070	Cf
E0071	Cf
E0072	Cf
E0073	Cf
E0074	Cf
E0075	Cf
E0076	Cf
E0077	Cf
E0078	Cf
E0079	Cf
E007A	Cf
E007B	Cf
E007C	Cf
E007D	Cf
E007E	Cf
E007F	Cf
E0100	Mn
E0101	Mn
E0102	Mn
E0103	Mn
E0104	Mn
E0105	Mn
E0106	Mn
E0107	Mn
E0108	Mn
E0109	Mn
E010A	Mn
E010B	Mn
E010C	Mn
E010D	Mn
E010E	Mn
E010F	Mn
E0110	Mn
E0111	Mn
E0112	Mn
E0113	Mn
E0114	Mn
E0115	Mn
E0116	Mn
E0117	Mn
E0118	Mn
E0119	Mn
E011A	Mn
E011B	Mn
E011C	Mn
E011D	Mn
E011E	Mn
E011F	Mn
E0120	Mn
E0121	Mn
E0122	Mn
E0123	Mn
E0124	Mn
E0125	Mn
E0126	Mn
E0127	Mn
E0128	Mn
E0129	Mn
E012A	Mn
E012B	Mn
E012C	Mn
E012D	Mn
E012E	Mn
E012F	Mn
E0130	Mn
E0131	Mn
E0132	Mn
E0133	Mn
E0134	Mn
E0135	Mn
E0136	Mn
E0137	Mn
E0138	Mn
E0139	Mn
E013A	Mn
E013B	Mn
E013C	Mn
E013D	Mn
E013E	Mn
E013F	Mn
E0140	Mn
E0141	Mn
E0142	Mn
E0143	Mn
E0144	Mn
E0145	Mn
E0146	Mn
E0147	Mn
E0148	Mn
E0149	Mn
E014A	Mn
E014B	Mn
E014C	Mn
E014D	Mn
E014E	Mn
E014F	Mn
E0150	Mn
E0151	Mn
E0152	Mn
E0153	Mn
E0154	Mn
E0155	Mn
E0156	Mn
E0157	Mn
E0158	Mn
E0159	Mn
E015A	Mn
E015B	Mn
E015C	Mn
E015D	Mn
E015E	Mn
E015F	Mn
E0160	Mn
E0161	Mn
E0162	Mn
E0163	Mn
E0164	Mn
E0165	Mn
E0166	Mn
E0167	Mn
E0168	Mn
E0169	Mn
E016A	Mn
E016B	Mn
E016C	Mn
E016D	Mn
E016E	Mn
E016F	Mn
E0170	Mn
E0171	Mn
E0172	Mn
E0173	Mn
E0174	Mn
E0175	Mn
E0176	Mn
E0177	Mn
E0178	Mn
E0179	Mn
E017A	Mn
E017B	Mn
E017C	Mn
E017D	Mn
E017E	Mn
E017F	Mn
E0180	Mn
E0181	Mn
E0182	Mn
E0183	Mn
E0184	Mn
E0185	Mn
E0186	Mn
E0187	Mn
E0188	Mn
E0189	Mn
E018A	Mn
E018B	Mn
E018C	Mn
E018D	Mn
E018E	Mn
E018F	Mn
E0190	Mn
E0191	Mn
E0192	Mn
E0193	Mn
E0194	Mn
E0195	Mn
E0196	Mn
E0197	Mn
E0198	Mn
E0199	Mn
E019A	Mn
E019B	Mn
E019C	Mn
E019D	Mn
E019E	Mn
E019F	Mn
E01A0	Mn
E01A1	Mn
E01A2	Mn
E01A3	Mn
E01A4	Mn
E01A5	Mn
E01A6	Mn
E01A7	Mn
E01A8	Mn
E01A9	Mn
E01AA	Mn
E01AB	Mn
E01AC	Mn
E01AD	Mn
E01AE	Mn
E01AF	Mn
E01B0	Mn
E01B1	Mn
E01B2	Mn
E01B3	Mn
E01B4	Mn
E01B5	Mn
E01B6	Mn
E01B7	Mn
E01B8	Mn
E01B9	Mn
E01BA	Mn
E01BB	Mn
E01BC	Mn
E01BD	Mn
E01BE	Mn
E01BF	Mn
E01C0	Mn
E01C1	Mn
E01C2	Mn
E01C3	Mn
E01C4	Mn
E01C5	Mn
E01C6	Mn
E01C7	Mn
E01C8	Mn
E01C9	Mn
E01CA	Mn
E01CB	Mn
E01CC	Mn
E01CD	Mn
E01CE	Mn
E01CF	Mn
E01D0	Mn
E01D1	Mn
E01D2	Mn
E01D3	Mn
E01D4	Mn
E01D5	Mn
E01D6	Mn
E01D7	Mn
E01D8	Mn
E01D9	Mn
E01DA	Mn
E01DB	Mn
E01DC	Mn
E01DD	Mn
E01DE	Mn
E01DF	Mn
E01E0	Mn
E01E1	Mn
E01E2	Mn
E01E3	Mn
E01E4	Mn
E01E5	Mn
E01E6	Mn
E01E7	Mn
E01E8	Mn
E01E9	Mn
E01EA	Mn
E01EB	Mn
E01EC	Mn
E01ED	Mn
E01EE	Mn
E01EF	Mn
